Year,Ages,N_Initial_Age,AgeSize_Mean,AgeSize_Std,Size_Classes,N_Initial_Class,ClassSize_Mean,ClassSize_Std,N_GrowthBack,Capture_Back,N_BeforePacking_AddAge0s,PackingDeaths_Emigration,N_AfterEmigration,Deaths_AfterEmiMort_Age,Deaths_AfterEmiMort_Size,N_GrowthOut,Capture_Out,PackingDeaths_Immigration,N_Immigration,Deaths_AfterImmiMort_Age,Deaths_AfterImmiMort_Size
0,0|1|2|3|4|5|6|7|8|9|10|11|12|13|14|15|,2521|1868|1641|1367|1068|881|582|550|388|405|239|256|237|239|120|138|,nan|nan|nan|nan|nan|nan|nan|nan|nan|nan|nan|nan|nan|nan|nan|nan|,nan|nan|nan|nan|nan|nan|nan|nan|nan|nan|nan|nan|nan|nan|nan|nan|,0.0|0.0|0.0|0.0|0.0|0.0|0.0|0.0|0.0|0.0|0.0|0.0|0.0|0.0|0.0|0.0|,2521|1868|1641|1367|1068|881|582|550|388|405|239|256|237|239|120|138|,nan|nan|nan|nan|nan|nan|nan|nan|nan|nan|nan|nan|nan|nan|nan|nan|,nan|nan|nan|nan|nan|nan|nan|nan|nan|nan|nan|nan|nan|nan|nan|nan|,0|2521|1868|1641|1367|1068|881|582|550|388|405|239|256|237|239|258|,0|0|0|0|0|0|0|0|0|0|0|0|0|0|0|0|,0|2521|1868|1641|1367|1068|881|582|550|388|405|239|256|237|239|258|,0|0|0|0|0|0|0|0|0|0|0|0|0|0|0|0|,4960|2521|1868|1641|1367|1068|881|582|550|388|405|239|256|237|239|258|,0|0|0|0|0|0|0|0|0|0|0|0|0|0|0|0|,0|0|0|0|0|0|0|0|0|0|0|0|0|0|0|0|,4960|2521|1868|1641|1367|1068|881|582|550|388|405|239|256|237|239|258|,0|0|0|0|0|0|0|0|0|0|0|0|0|0|0|0|,223|1155|520|430|331|245|181|111|92|57|52|37|44|64|87|57|,4737|1366|1348|1211|1036|823|700|471|458|331|353|202|212|173|152|63|,0|0|0|0|0|0|0|0|0|0|0|0|0|0|0|0|,0|0|0|0|0|0|0|0|0|0|0|0|0|0|0|0|
1,0|1|2|3|4|5|6|7|8|9|10|11|12|13|14|15|,4737|1366|1348|1211|1036|823|700|471|458|331|353|202|212|173|152|63|,nan|nan|nan|nan|nan|nan|nan|nan|nan|nan|nan|nan|nan|nan|nan|nan|,nan|nan|nan|nan|nan|nan|nan|nan|nan|nan|nan|nan|nan|nan|nan|nan|,0.0|0.0|0.0|0.0|0.0|0.0|0.0|0.0|0.0|0.0|0.0|0.0|0.0|0.0|0.0|0.0|,4737|1366|1348|1211|1036|823|700|471|458|331|353|202|212|173|152|63|,nan|nan|nan|nan|nan|nan|nan|nan|nan|nan|nan|nan|nan|nan|nan|nan|,nan|nan|nan|nan|nan|nan|nan|nan|nan|nan|nan|nan|nan|nan|nan|nan|,0|4737|1366|1348|1211|1036|823|699|471|458|331|353|202|212|173|215|,0|0|0|0|0|0|0|0|0|0|0|0|0|0|0|0|,0|4737|1366|1348|1211|1036|823|699|471|458|331|353|202|212|173|215|,0|0|0|0|0|0|0|0|0|0|0|0|0|0|0|0|,4456|4737|1366|1348|1211|1036|823|699|471|458|331|353|202|212|173|215|,0|0|0|0|0|0|0|0|0|0|0|0|0|0|0|0|,0|0|0|0|0|0|0|0|0|0|0|0|0|0|0|0|,4456|4737|1366|1348|1211|1036|823|699|471|458|331|353|202|212|173|215|,0|0|0|0|0|0|0|0|0|0|0|0|0|0|0|0|,240|2222|388|364|304|239|177|139|82|75|46|57|38|65|65|74|,4216|2515|978|984|907|797|646|560|389|383|285|296|164|147|108|78|,0|0|0|0|0|0|0|0|0|0|0|0|0|0|0|0|,0|0|0|0|0|0|0|0|0|0|0|0|0|0|0|0|
2,0|1|2|3|4|5|6|7|8|9|10|11|12|13|14|15|,4216|2515|978|984|907|797|646|560|389|383|285|296|164|147|108|78|,nan|nan|nan|nan|nan|nan|nan|nan|nan|nan|nan|nan|nan|nan|nan|nan|,nan|nan|nan|nan|nan|nan|nan|nan|nan|nan|nan|nan|nan|nan|nan|nan|,0.0|0.0|0.0|0.0|0.0|0.0|0.0|0.0|0.0|0.0|0.0|0.0|0.0|0.0|0.0|0.0|,4216|2515|978|984|907|797|646|560|389|383|285|296|164|147|108|78|,nan|nan|nan|nan|nan|nan|nan|nan|nan|nan|nan|nan|nan|nan|nan|nan|,nan|nan|nan|nan|nan|nan|nan|nan|nan|nan|nan|nan|nan|nan|nan|nan|,0|4216|2515|978|984|907|797|646|560|389|383|285|296|164|147|186|,0|0|0|0|0|0|0|0|0|0|0|0|0|0|0|0|,0|4216|2515|978|984|907|797|646|560|389|383|285|296|164|147|186|,0|0|0|0|0|0|0|0|0|0|0|0|0|0|0|0|,4695|4216|2515|978|984|907|797|646|560|389|383|285|296|164|147|186|,0|0|0|0|0|0|0|0|0|0|0|0|0|0|0|0|,0|0|0|0|0|0|0|0|0|0|0|0|0|0|0|0|,4695|4216|2515|978|984|907|797|646|560|389|383|285|296|164|147|186|,0|0|0|0|0|0|0|0|0|0|0|0|0|0|0|0|,226|1979|741|266|248|216|171|125|100|58|59|48|59|49|53|47|,4469|2237|1774|712|736|691|626|521|460|331|324|237|237|115|94|61|,0|0|0|0|0|0|0|0|0|0|0|0|0|0|0|0|,0|0|0|0|0|0|0|0|0|0|0|0|0|0|0|0|
3,0|1|2|3|4|5|6|7|8|9|10|11|12|13|14|15|,4469|2237|1774|712|736|691|626|521|460|331|324|237|237|115|94|61|,nan|nan|nan|nan|nan|nan|nan|nan|nan|nan|nan|nan|nan|nan|nan|nan|,nan|nan|nan|nan|nan|nan|nan|nan|nan|nan|nan|nan|nan|nan|nan|nan|,0.0|0.0|0.0|0.0|0.0|0.0|0.0|0.0|0.0|0.0|0.0|0.0|0.0|0.0|0.0|0.0|,4469|2237|1774|712|736|691|626|521|460|331|324|237|237|115|94|61|,nan|nan|nan|nan|nan|nan|nan|nan|nan|nan|nan|nan|nan|nan|nan|nan|,nan|nan|nan|nan|nan|nan|nan|nan|nan|nan|nan|nan|nan|nan|nan|nan|,0|4469|2237|1774|712|736|691|626|521|460|331|324|237|237|115|155|,0|0|0|0|0|0|0|0|0|0|0|0|0|0|0|0|,0|4469|2237|1774|712|736|691|626|521|460|331|324|237|237|115|155|,0|0|0|0|0|0|0|0|0|0|0|0|0|0|0|0|,4616|4469|2237|1774|712|736|691|626|521|460|331|324|237|237|115|155|,0|0|0|0|0|0|0|0|0|0|0|0|0|0|0|0|,0|0|0|0|0|0|0|0|0|0|0|0|0|0|0|0|,4616|4469|2237|1774|712|736|691|626|521|460|331|324|237|237|115|155|,0|0|0|0|0|0|0|0|0|0|0|0|0|0|0|0|,171|2099|650|486|169|168|146|123|97|70|52|48|42|65|47|45|,4445|2370|1587|1288|543|568|545|503|424|390|279|276|195|172|68|49|,0|0|0|0|0|0|0|0|0|0|0|0|0|0|0|0|,0|0|0|0|0|0|0|0|0|0|0|0|0|0|0|0|
4,0|1|2|3|4|5|6|7|8|9|10|11|12|13|14|15|,4445|2370|1587|1288|543|568|545|503|424|390|279|276|195|172|68|49|,nan|nan|nan|nan|nan|nan|nan|nan|nan|nan|nan|nan|nan|nan|nan|nan|,nan|nan|nan|nan|nan|nan|nan|nan|nan|nan|nan|nan|nan|nan|nan|nan|,0.0|0.0|0.0|0.0|0.0|0.0|0.0|0.0|0.0|0.0|0.0|0.0|0.0|0.0|0.0|0.0|,4445|2370|1587|1288|543|568|545|503|424|390|279|276|195|172|68|49|,nan|nan|nan|nan|nan|nan|nan|nan|nan|nan|nan|nan|nan|nan|nan|nan|,nan|nan|nan|nan|nan|nan|nan|nan|nan|nan|nan|nan|nan|nan|nan|nan|,0|4445|2370|1587|1288|543|568|545|503|424|390|279|276|195|172|117|,0|0|0|0|0|0|0|0|0|0|0|0|0|0|0|0|,0|4445|2370|1587|1288|543|568|545|503|424|390|279|276|195|172|117|,0|0|0|0|0|0|0|0|0|0|0|0|0|0|0|0|,4673|4445|2370|1587|1288|543|568|545|503|424|390|279|276|195|172|117|,0|0|0|0|0|0|0|0|0|0|0|0|0|0|0|0|,0|0|0|0|0|0|0|0|0|0|0|0|0|0|0|0|,4673|4445|2370|1587|1288|543|568|545|503|424|390|279|276|195|172|117|,0|0|0|0|0|0|0|0|0|0|0|0|0|0|0|0|,146|2092|696|439|331|127|125|108|89|64|56|43|52|54|62|30|,4527|2353|1674|1148|957|416|443|437|414|360|334|236|224|141|110|38|,0|0|0|0|0|0|0|0|0|0|0|0|0|0|0|0|,0|0|0|0|0|0|0|0|0|0|0|0|0|0|0|0|
5,0|1|2|3|4|5|6|7|8|9|10|11|12|13|14|15|,4527|2353|1674|1148|957|416|443|437|414|360|334|236|224|141|110|38|,nan|nan|nan|nan|nan|nan|nan|nan|nan|nan|nan|nan|nan|nan|nan|nan|,nan|nan|nan|nan|nan|nan|nan|nan|nan|nan|nan|nan|nan|nan|nan|nan|,0.0|0.0|0.0|0.0|0.0|0.0|0.0|0.0|0.0|0.0|0.0|0.0|0.0|0.0|0.0|0.0|,4527|2353|1674|1148|957|416|443|437|414|360|334|236|224|141|110|38|,nan|nan|nan|nan|nan|nan|nan|nan|nan|nan|nan|nan|nan|nan|nan|nan|,nan|nan|nan|nan|nan|nan|nan|nan|nan|nan|nan|nan|nan|nan|nan|nan|,0|4527|2353|1673|1148|957|416|443|436|414|359|333|235|223|140|148|,0|0|0|0|0|0|0|0|0|0|0|0|0|0|0|0|,0|4527|2353|1673|1148|957|416|443|436|414|359|333|235|223|140|148|,0|0|0|0|0|0|0|0|0|0|0|0|0|0|0|0|,4692|4527|2353|1673|1148|957|416|443|436|414|359|333|235|223|140|148|,0|0|0|0|0|0|0|0|0|0|0|0|0|0|0|0|,0|0|0|0|0|0|0|0|0|0|0|0|0|0|0|0|,4692|4527|2353|1673|1148|957|416|443|436|414|359|333|235|223|140|148|,0|0|0|0|0|0|0|0|0|0|0|0|0|0|0|0|,64|2144|696|465|298|235|92|88|80|72|49|55|48|62|53|50|,4628|2383|1657|1208|850|722|324|355|356|342|310|278|187|161|87|60|,0|0|0|0|0|0|0|0|0|0|0|0|0|0|0|0|,0|0|0|0|0|0|0|0|0|0|0|0|0|0|0|0|
6,0|1|2|3|4|5|6|7|8|9|10|11|12|13|14|15|,4628|2383|1657|1208|850|722|324|355|356|342|310|278|187|161|87|60|,nan|nan|nan|nan|nan|nan|nan|nan|nan|nan|nan|nan|nan|nan|nan|nan|,nan|nan|nan|nan|nan|nan|nan|nan|nan|nan|nan|nan|nan|nan|nan|nan|,0.0|0.0|0.0|0.0|0.0|0.0|0.0|0.0|0.0|0.0|0.0|0.0|0.0|0.0|0.0|0.0|,4628|2383|1657|1208|850|722|324|355|356|342|310|278|187|161|87|60|,nan|nan|nan|nan|nan|nan|nan|nan|nan|nan|nan|nan|nan|nan|nan|nan|,nan|nan|nan|nan|nan|nan|nan|nan|nan|nan|nan|nan|nan|nan|nan|nan|,0|4628|2383|1656|1207|849|721|323|355|355|342|310|278|186|161|147|,0|0|0|0|0|0|0|0|0|0|0|0|0|0|0|0|,0|4628|2383|1656|1207|849|721|323|355|355|342|310|278|186|161|147|,0|0|0|0|0|0|0|0|0|0|0|0|0|0|0|0|,4704|4628|2383|1656|1207|849|721|323|355|355|342|310|278|186|161|147|,0|0|0|0|0|0|0|0|0|0|0|0|0|0|0|0|,0|0|0|0|0|0|0|0|0|0|0|0|0|0|0|0|,4704|4628|2383|1656|1207|849|721|323|355|355|342|310|278|186|161|147|,0|0|0|0|0|0|0|0|0|0|0|0|0|0|0|0|,71|2199|712|464|320|211|161|65|57|56|49|48|54|56|55|41|,4633|2429|1671|1192|887|638|560|258|298|299|293|262|224|130|106|46|,0|0|0|0|0|0|0|0|0|0|0|0|0|0|0|0|,0|0|0|0|0|0|0|0|0|0|0|0|0|0|0|0|
7,0|1|2|3|4|5|6|7|8|9|10|11|12|13|14|15|,4633|2429|1671|1192|887|638|560|258|298|299|293|262|224|130|106|46|,nan|nan|nan|nan|nan|nan|nan|nan|nan|nan|nan|nan|nan|nan|nan|nan|,nan|nan|nan|nan|nan|nan|nan|nan|nan|nan|nan|nan|nan|nan|nan|nan|,0.0|0.0|0.0|0.0|0.0|0.0|0.0|0.0|0.0|0.0|0.0|0.0|0.0|0.0|0.0|0.0|,4633|2429|1671|1192|887|638|560|258|298|299|293|262|224|130|106|46|,nan|nan|nan|nan|nan|nan|nan|nan|nan|nan|nan|nan|nan|nan|nan|nan|,nan|nan|nan|nan|nan|nan|nan|nan|nan|nan|nan|nan|nan|nan|nan|nan|,0|4633|2429|1667|1188|884|638|560|257|295|299|292|261|224|130|151|,0|0|0|0|0|0|0|0|0|0|0|0|0|0|0|0|,0|4633|2429|1667|1188|884|638|560|257|295|299|292|261|224|130|151|,0|0|0|0|0|0|0|0|0|0|0|0|0|0|0|0|,4756|4633|2429|1667|1188|884|638|560|257|295|299|292|261|224|130|151|,0|0|0|0|0|0|0|0|0|0|0|0|0|0|0|0|,0|0|0|0|0|0|0|0|0|0|0|0|0|0|0|0|,4756|4633|2429|1667|1188|884|638|560|257|295|299|292|261|224|130|151|,0|0|0|0|0|0|0|0|0|0|0|0|0|0|0|0|,99|2189|720|461|310|212|138|111|47|49|40|43|55|61|51|52|,4657|2444|1709|1206|878|672|500|449|210|246|259|249|206|163|79|53|,0|0|0|0|0|0|0|0|0|0|0|0|0|0|0|0|,0|0|0|0|0|0|0|0|0|0|0|0|0|0|0|0|
8,0|1|2|3|4|5|6|7|8|9|10|11|12|13|14|15|,4657|2444|1709|1206|878|672|500|449|210|246|259|249|206|163|79|53|,nan|nan|nan|nan|nan|nan|nan|nan|nan|nan|nan|nan|nan|nan|nan|nan|,nan|nan|nan|nan|nan|nan|nan|nan|nan|nan|nan|nan|nan|nan|nan|nan|,0.0|0.0|0.0|0.0|0.0|0.0|0.0|0.0|0.0|0.0|0.0|0.0|0.0|0.0|0.0|0.0|,4657|2444|1709|1206|878|672|500|449|210|246|259|249|206|163|79|53|,nan|nan|nan|nan|nan|nan|nan|nan|nan|nan|nan|nan|nan|nan|nan|nan|,nan|nan|nan|nan|nan|nan|nan|nan|nan|nan|nan|nan|nan|nan|nan|nan|,0|4657|2444|1707|1202|877|670|498|447|209|246|257|249|206|162|132|,0|0|0|0|0|0|0|0|0|0|0|0|0|0|0|0|,0|4657|2444|1707|1202|877|670|498|447|209|246|257|249|206|162|132|,0|0|0|0|0|0|0|0|0|0|0|0|0|0|0|0|,4688|4657|2444|1707|1202|877|670|498|447|209|246|257|249|206|162|132|,0|0|0|0|0|0|0|0|0|0|0|0|0|0|0|0|,0|0|0|0|0|0|0|0|0|0|0|0|0|0|0|0|,4688|4657|2444|1707|1202|877|670|498|447|209|246|257|249|206|162|132|,0|0|0|0|0|0|0|0|0|0|0|0|0|0|0|0|,59|2215|726|474|309|213|143|106|85|31|33|43|46|53|60|33|,4629|2442|1718|1233|893|664|527|392|362|178|213|214|203|153|102|46|,0|0|0|0|0|0|0|0|0|0|0|0|0|0|0|0|,0|0|0|0|0|0|0|0|0|0|0|0|0|0|0|0|
9,0|1|2|3|4|5|6|7|8|9|10|11|12|13|14|15|,4629|2442|1718|1233|893|664|527|392|362|178|213|214|203|153|102|46|,nan|nan|nan|nan|nan|nan|nan|nan|nan|nan|nan|nan|nan|nan|nan|nan|,nan|nan|nan|nan|nan|nan|nan|nan|nan|nan|nan|nan|nan|nan|nan|nan|,0.0|0.0|0.0|0.0|0.0|0.0|0.0|0.0|0.0|0.0|0.0|0.0|0.0|0.0|0.0|0.0|,4629|2442|1718|1233|893|664|527|392|362|178|213|214|203|153|102|46|,nan|nan|nan|nan|nan|nan|nan|nan|nan|nan|nan|nan|nan|nan|nan|nan|,nan|nan|nan|nan|nan|nan|nan|nan|nan|nan|nan|nan|nan|nan|nan|nan|,0|4629|2436|1709|1232|889|662|527|391|361|176|212|213|202|152|148|,0|0|0|0|0|0|0|0|0|0|0|0|0|0|0|0|,0|4629|2436|1709|1232|889|662|527|391|361|176|212|213|202|152|148|,0|0|0|0|0|0|0|0|0|0|0|0|0|0|0|0|,4649|4629|2436|1709|1232|889|662|527|391|361|176|212|213|202|152|148|,0|0|0|0|0|0|0|0|0|0|0|0|0|0|0|0|,0|0|0|0|0|0|0|0|0|0|0|0|0|0|0|0|,4649|4629|2436|1709|1232|889|662|527|391|361|176|212|213|202|152|148|,0|0|0|0|0|0|0|0|0|0|0|0|0|0|0|0|,28|2202|730|483|324|222|156|109|71|58|23|33|44|60|58|43|,4621|2427|1706|1226|908|667|506|418|320|303|153|179|169|142|94|59|,0|0|0|0|0|0|0|0|0|0|0|0|0|0|0|0|,0|0|0|0|0|0|0|0|0|0|0|0|0|0|0|0|
10,0|1|2|3|4|5|6|7|8|9|10|11|12|13|14|15|,4621|2427|1706|1226|908|667|506|418|320|303|153|179|169|142|94|59|,nan|nan|nan|nan|nan|nan|nan|nan|nan|nan|nan|nan|nan|nan|nan|nan|,nan|nan|nan|nan|nan|nan|nan|nan|nan|nan|nan|nan|nan|nan|nan|nan|,0.0|0.0|0.0|0.0|0.0|0.0|0.0|0.0|0.0|0.0|0.0|0.0|0.0|0.0|0.0|0.0|,4621|2427|1706|1226|908|667|506|418|320|303|153|179|169|142|94|59|,nan|nan|nan|nan|nan|nan|nan|nan|nan|nan|nan|nan|nan|nan|nan|nan|,nan|nan|nan|nan|nan|nan|nan|nan|nan|nan|nan|nan|nan|nan|nan|nan|,0|4621|2417|1696|1220|905|665|504|415|318|302|153|179|167|141|150|,0|0|0|0|0|0|0|0|0|0|0|0|0|0|0|0|,0|4621|2417|1696|1220|905|665|504|415|318|302|153|179|167|141|150|,0|0|0|0|0|0|0|0|0|0|0|0|0|0|0|0|,4607|4621|2417|1696|1220|905|665|504|415|318|302|153|179|167|141|150|,0|0|0|0|0|0|0|0|0|0|0|0|0|0|0|0|,0|0|0|0|0|0|0|0|0|0|0|0|0|0|0|0|,4607|4621|2417|1696|1220|905|665|504|415|318|302|153|179|167|141|150|,0|0|0|0|0|0|0|0|0|0|0|0|0|0|0|0|,62|2203|721|480|321|221|155|107|83|52|44|26|32|40|52|39|,4545|2418|1696|1216|899|684|510|397|332|266|258|127|147|127|89|53|,0|0|0|0|0|0|0|0|0|0|0|0|0|0|0|0|,0|0|0|0|0|0|0|0|0|0|0|0|0|0|0|0|
11,0|1|2|3|4|5|6|7|8|9|10|11|12|13|14|15|,4545|2418|1696|1216|899|684|510|397|332|266|258|127|147|127|89|53|,nan|nan|nan|nan|nan|nan|nan|nan|nan|nan|nan|nan|nan|nan|nan|nan|,nan|nan|nan|nan|nan|nan|nan|nan|nan|nan|nan|nan|nan|nan|nan|nan|,0.0|0.0|0.0|0.0|0.0|0.0|0.0|0.0|0.0|0.0|0.0|0.0|0.0|0.0|0.0|0.0|,4545|2418|1696|1216|899|684|510|397|332|266|258|127|147|127|89|53|,nan|nan|nan|nan|nan|nan|nan|nan|nan|nan|nan|nan|nan|nan|nan|nan|,nan|nan|nan|nan|nan|nan|nan|nan|nan|nan|nan|nan|nan|nan|nan|nan|,0|4545|2408|1692|1208|894|679|510|395|332|264|257|125|144|126|141|,0|0|0|0|0|0|0|0|0|0|0|0|0|0|0|0|,0|4545|2408|1692|1208|894|679|510|395|332|264|257|125|144|126|141|,0|0|0|0|0|0|0|0|0|0|0|0|0|0|0|0|,4558|4545|2408|1692|1208|894|679|510|395|332|264|257|125|144|126|141|,0|0|0|0|0|0|0|0|0|0|0|0|0|0|0|0|,0|0|0|0|0|0|0|0|0|0|0|0|0|0|0|0|,4558|4545|2408|1692|1208|894|679|510|395|332|264|257|125|144|126|141|,0|0|0|0|0|0|0|0|0|0|0|0|0|0|0|0|,38|2161|718|477|314|215|150|109|76|51|39|42|23|38|52|41|,4520|2384|1690|1215|894|679|529|401|319|281|225|215|102|106|74|47|,0|0|0|0|0|0|0|0|0|0|0|0|0|0|0|0|,0|0|0|0|0|0|0|0|0|0|0|0|0|0|0|0|
12,0|1|2|3|4|5|6|7|8|9|10|11|12|13|14|15|,4520|2384|1690|1215|894|679|529|401|319|281|225|215|102|106|74|47|,nan|nan|nan|nan|nan|nan|nan|nan|nan|nan|nan|nan|nan|nan|nan|nan|,nan|nan|nan|nan|nan|nan|nan|nan|nan|nan|nan|nan|nan|nan|nan|nan|,0.0|0.0|0.0|0.0|0.0|0.0|0.0|0.0|0.0|0.0|0.0|0.0|0.0|0.0|0.0|0.0|,4520|2384|1690|1215|894|679|529|401|319|281|225|215|102|106|74|47|,nan|nan|nan|nan|nan|nan|nan|nan|nan|nan|nan|nan|nan|nan|nan|nan|,nan|nan|nan|nan|nan|nan|nan|nan|nan|nan|nan|nan|nan|nan|nan|nan|,0|4520|2370|1681|1208|886|673|522|399|319|280|224|214|102|106|120|,0|0|0|0|0|0|0|0|0|0|0|0|0|0|0|0|,0|4520|2370|1681|1208|886|673|522|399|319|280|224|214|102|106|120|,0|0|0|0|0|0|0|0|0|0|0|0|0|0|0|0|,4465|4520|2370|1681|1208|886|673|522|399|319|280|224|214|102|106|120|,0|0|0|0|0|0|0|0|0|0|0|0|0|0|0|0|,0|0|0|0|0|0|0|0|0|0|0|0|0|0|0|0|,4465|4520|2370|1681|1208|886|673|522|399|319|280|224|214|102|106|120|,0|0|0|0|0|0|0|0|0|0|0|0|0|0|0|0|,44|2140|704|467|312|212|149|108|71|49|40|34|41|33|37|33|,4421|2380|1666|1214|896|674|524|414|328|270|240|190|173|69|69|41|,0|0|0|0|0|0|0|0|0|0|0|0|0|0|0|0|,0|0|0|0|0|0|0|0|0|0|0|0|0|0|0|0|
13,0|1|2|3|4|5|6|7|8|9|10|11|12|13|14|15|,4421|2380|1666|1214|896|674|524|414|328|270|240|190|173|69|69|41|,nan|nan|nan|nan|nan|nan|nan|nan|nan|nan|nan|nan|nan|nan|nan|nan|,nan|nan|nan|nan|nan|nan|nan|nan|nan|nan|nan|nan|nan|nan|nan|nan|,0.0|0.0|0.0|0.0|0.0|0.0|0.0|0.0|0.0|0.0|0.0|0.0|0.0|0.0|0.0|0.0|,4421|2380|1666|1214|896|674|524|414|328|270|240|190|173|69|69|41|,nan|nan|nan|nan|nan|nan|nan|nan|nan|nan|nan|nan|nan|nan|nan|nan|,nan|nan|nan|nan|nan|nan|nan|nan|nan|nan|nan|nan|nan|nan|nan|nan|,0|4421|2366|1656|1205|889|672|520|411|328|269|237|189|172|69|110|,0|0|0|0|0|0|0|0|0|0|0|0|0|0|0|0|,0|4421|2366|1656|1205|889|672|520|411|328|269|237|189|172|69|110|,0|0|0|0|0|0|0|0|0|0|0|0|0|0|0|0|,4544|4421|2366|1656|1205|889|672|520|411|328|269|237|189|172|69|110|,0|0|0|0|0|0|0|0|0|0|0|0|0|0|0|0|,0|0|0|0|0|0|0|0|0|0|0|0|0|0|0|0|,4544|4421|2366|1656|1205|889|672|520|411|328|269|237|189|172|69|110|,0|0|0|0|0|0|0|0|0|0|0|0|0|0|0|0|,54|2096|701|462|317|213|153|107|76|53|40|35|39|51|22|25|,4490|2325|1665|1194|888|676|519|413|335|275|229|202|150|121|47|44|,0|0|0|0|0|0|0|0|0|0|0|0|0|0|0|0|,0|0|0|0|0|0|0|0|0|0|0|0|0|0|0|0|
14,0|1|2|3|4|5|6|7|8|9|10|11|12|13|14|15|,4490|2325|1665|1194|888|676|519|413|335|275|229|202|150|121|47|44|,nan|nan|nan|nan|nan|nan|nan|nan|nan|nan|nan|nan|nan|nan|nan|nan|,nan|nan|nan|nan|nan|nan|nan|nan|nan|nan|nan|nan|nan|nan|nan|nan|,0.0|0.0|0.0|0.0|0.0|0.0|0.0|0.0|0.0|0.0|0.0|0.0|0.0|0.0|0.0|0.0|,4490|2325|1665|1194|888|676|519|413|335|275|229|202|150|121|47|44|,nan|nan|nan|nan|nan|nan|nan|nan|nan|nan|nan|nan|nan|nan|nan|nan|,nan|nan|nan|nan|nan|nan|nan|nan|nan|nan|nan|nan|nan|nan|nan|nan|,0|4490|2310|1653|1186|881|675|513|406|333|273|226|199|149|120|91|,0|0|0|0|0|0|0|0|0|0|0|0|0|0|0|0|,0|4490|2310|1653|1186|881|675|513|406|333|273|226|199|149|120|91|,0|0|0|0|0|0|0|0|0|0|0|0|0|0|0|0|,4499|4490|2310|1653|1186|881|675|513|406|333|273|226|199|149|120|91|,0|0|0|0|0|0|0|0|0|0|0|0|0|0|0|0|,0|0|0|0|0|0|0|0|0|0|0|0|0|0|0|0|,4499|4490|2310|1653|1186|881|675|513|406|333|273|226|199|149|120|91|,0|0|0|0|0|0|0|0|0|0|0|0|0|0|0|0|,30|2136|690|465|309|217|152|101|76|59|39|39|41|50|47|23|,4469|2354|1620|1188|877|664|523|412|330|274|234|187|158|99|73|24|,0|0|0|0|0|0|0|0|0|0|0|0|0|0|0|0|,0|0|0|0|0|0|0|0|0|0|0|0|0|0|0|0|
15,0|1|2|3|4|5|6|7|8|9|10|11|12|13|14|15|,4469|2354|1620|1188|877|664|523|412|330|274|234|187|158|99|73|24|,nan|nan|nan|nan|nan|nan|nan|nan|nan|nan|nan|nan|nan|nan|nan|nan|,nan|nan|nan|nan|nan|nan|nan|nan|nan|nan|nan|nan|nan|nan|nan|nan|,0.0|0.0|0.0|0.0|0.0|0.0|0.0|0.0|0.0|0.0|0.0|0.0|0.0|0.0|0.0|0.0|,4469|2354|1620|1188|877|664|523|412|330|274|234|187|158|99|73|24|,nan|nan|nan|nan|nan|nan|nan|nan|nan|nan|nan|nan|nan|nan|nan|nan|,nan|nan|nan|nan|nan|nan|nan|nan|nan|nan|nan|nan|nan|nan|nan|nan|,0|4469|2336|1610|1175|865|660|521|410|328|272|232|187|158|98|96|,0|0|0|0|0|0|0|0|0|0|0|0|0|0|0|0|,0|4469|2336|1610|1175|865|660|521|410|328|272|232|187|158|98|96|,0|0|0|0|0|0|0|0|0|0|0|0|0|0|0|0|,4469|4469|2336|1610|1175|865|660|521|410|328|272|232|187|158|98|96|,0|0|0|0|0|0|0|0|0|0|0|0|0|0|0|0|,0|0|0|0|0|0|0|0|0|0|0|0|0|0|0|0|,4469|4469|2336|1610|1175|865|660|521|410|328|272|232|187|158|98|96|,0|0|0|0|0|0|0|0|0|0|0|0|0|0|0|0|,35|2121|702|447|309|210|148|103|77|56|40|43|37|42|40|35|,4434|2348|1634|1163|866|655|512|418|333|272|232|189|150|116|58|37|,0|0|0|0|0|0|0|0|0|0|0|0|0|0|0|0|,0|0|0|0|0|0|0|0|0|0|0|0|0|0|0|0|
16,0|1|2|3|4|5|6|7|8|9|10|11|12|13|14|15|,4434|2348|1634|1163|866|655|512|418|333|272|232|189|150|116|58|37|,nan|nan|nan|nan|nan|nan|nan|nan|nan|nan|nan|nan|nan|nan|nan|nan|,nan|nan|nan|nan|nan|nan|nan|nan|nan|nan|nan|nan|nan|nan|nan|nan|,0.0|0.0|0.0|0.0|0.0|0.0|0.0|0.0|0.0|0.0|0.0|0.0|0.0|0.0|0.0|0.0|,4434|2348|1634|1163|866|655|512|418|333|272|232|189|150|116|58|37|,nan|nan|nan|nan|nan|nan|nan|nan|nan|nan|nan|nan|nan|nan|nan|nan|,nan|nan|nan|nan|nan|nan|nan|nan|nan|nan|nan|nan|nan|nan|nan|nan|,0|4434|2328|1619|1156|861|650|504|414|329|271|230|188|149|114|93|,0|0|0|0|0|0|0|0|0|0|0|0|0|0|0|0|,0|4434|2328|1619|1156|861|650|504|414|329|271|230|188|149|114|93|,0|0|0|0|0|0|0|0|0|0|0|0|0|0|0|0|,4510|4434|2328|1619|1156|861|650|504|414|329|271|230|188|149|114|93|,0|0|0|0|0|0|0|0|0|0|0|0|0|0|0|0|,0|0|0|0|0|0|0|0|0|0|0|0|0|0|0|0|,4510|4434|2328|1619|1156|861|650|504|414|329|271|230|188|149|114|93|,0|0|0|0|0|0|0|0|0|0|0|0|0|0|0|0|,32|2105|698|455|304|205|150|102|80|55|43|37|39|47|42|26|,4478|2329|1630|1164|852|656|500|402|334|274|228|193|149|102|72|30|,0|0|0|0|0|0|0|0|0|0|0|0|0|0|0|0|,0|0|0|0|0|0|0|0|0|0|0|0|0|0|0|0|
17,0|1|2|3|4|5|6|7|8|9|10|11|12|13|14|15|,4478|2329|1630|1164|852|656|500|402|334|274|228|193|149|102|72|30|,nan|nan|nan|nan|nan|nan|nan|nan|nan|nan|nan|nan|nan|nan|nan|nan|,nan|nan|nan|nan|nan|nan|nan|nan|nan|nan|nan|nan|nan|nan|nan|nan|,0.0|0.0|0.0|0.0|0.0|0.0|0.0|0.0|0.0|0.0|0.0|0.0|0.0|0.0|0.0|0.0|,4478|2329|1630|1164|852|656|500|402|334|274|228|193|149|102|72|30|,nan|nan|nan|nan|nan|nan|nan|nan|nan|nan|nan|nan|nan|nan|nan|nan|,nan|nan|nan|nan|nan|nan|nan|nan|nan|nan|nan|nan|nan|nan|nan|nan|,0|4478|2306|1605|1149|843|649|496|400|329|273|225|189|149|101|99|,0|0|0|0|0|0|0|0|0|0|0|0|0|0|0|0|,0|4478|2306|1605|1149|843|649|496|400|329|273|225|189|149|101|99|,0|0|0|0|0|0|0|0|0|0|0|0|0|0|0|0|,4500|4478|2306|1605|1149|843|649|496|400|329|273|225|189|149|101|99|,0|0|0|0|0|0|0|0|0|0|0|0|0|0|0|0|,0|0|0|0|0|0|0|0|0|0|0|0|0|0|0|0|,4500|4478|2306|1605|1149|843|649|496|400|329|273|225|189|149|101|99|,0|0|0|0|0|0|0|0|0|0|0|0|0|0|0|0|,52|2128|686|450|304|202|142|104|75|53|41|35|36|42|34|29|,4448|2350|1620|1155|845|641|507|392|325|276|232|190|153|107|67|40|,0|0|0|0|0|0|0|0|0|0|0|0|0|0|0|0|,0|0|0|0|0|0|0|0|0|0|0|0|0|0|0|0|
18,0|1|2|3|4|5|6|7|8|9|10|11|12|13|14|15|,4448|2350|1620|1155|845|641|507|392|325|276|232|190|153|107|67|40|,nan|nan|nan|nan|nan|nan|nan|nan|nan|nan|nan|nan|nan|nan|nan|nan|,nan|nan|nan|nan|nan|nan|nan|nan|nan|nan|nan|nan|nan|nan|nan|nan|,0.0|0.0|0.0|0.0|0.0|0.0|0.0|0.0|0.0|0.0|0.0|0.0|0.0|0.0|0.0|0.0|,4448|2350|1620|1155|845|641|507|392|325|276|232|190|153|107|67|40|,nan|nan|nan|nan|nan|nan|nan|nan|nan|nan|nan|nan|nan|nan|nan|nan|,nan|nan|nan|nan|nan|nan|nan|nan|nan|nan|nan|nan|nan|nan|nan|nan|,0|4448|2319|1598|1143|831|631|496|388|323|273|229|188|150|107|104|,0|0|0|0|0|0|0|0|0|0|0|0|0|0|0|0|,0|4448|2319|1598|1143|831|631|496|388|323|273|229|188|150|107|104|,0|0|0|0|0|0|0|0|0|0|0|0|0|0|0|0|,4471|4448|2319|1598|1143|831|631|496|388|323|273|229|188|150|107|104|,0|0|0|0|0|0|0|0|0|0|0|0|0|0|0|0|,0|0|0|0|0|0|0|0|0|0|0|0|0|0|0|0|,4471|4448|2319|1598|1143|831|631|496|388|323|273|229|188|150|107|104|,0|0|0|0|0|0|0|0|0|0|0|0|0|0|0|0|,53|2116|695|450|299|204|143|100|74|59|36|43|35|43|38|28|,4418|2332|1624|1148|844|627|488|396|314|264|237|186|153|107|69|38|,0|0|0|0|0|0|0|0|0|0|0|0|0|0|0|0|,0|0|0|0|0|0|0|0|0|0|0|0|0|0|0|0|
19,0|1|2|3|4|5|6|7|8|9|10|11|12|13|14|15|,4418|2332|1624|1148|844|627|488|396|314|264|237|186|153|107|69|38|,nan|nan|nan|nan|nan|nan|nan|nan|nan|nan|nan|nan|nan|nan|nan|nan|,nan|nan|nan|nan|nan|nan|nan|nan|nan|nan|nan|nan|nan|nan|nan|nan|,0.0|0.0|0.0|0.0|0.0|0.0|0.0|0.0|0.0|0.0|0.0|0.0|0.0|0.0|0.0|0.0|,4418|2332|1624|1148|844|627|488|396|314|264|237|186|153|107|69|38|,nan|nan|nan|nan|nan|nan|nan|nan|nan|nan|nan|nan|nan|nan|nan|nan|,nan|nan|nan|nan|nan|nan|nan|nan|nan|nan|nan|nan|nan|nan|nan|nan|,0|4418|2293|1591|1130|822|616|474|383|307|258|230|183|152|107|104|,0|0|0|0|0|0|0|0|0|0|0|0|0|0|0|0|,0|4418|2293|1591|1130|822|616|474|383|307|258|230|183|152|107|104|,0|0|0|0|0|0|0|0|0|0|0|0|0|0|0|0|,4374|4418|2293|1591|1130|822|616|474|383|307|258|230|183|152|107|104|,0|0|0|0|0|0|0|0|0|0|0|0|0|0|0|0|,0|0|0|0|0|0|0|0|0|0|0|0|0|0|0|0|,4374|4418|2293|1591|1130|822|616|474|383|307|258|230|183|152|107|104|,0|0|0|0|0|0|0|0|0|0|0|0|0|0|0|0|,55|2096|681|448|299|202|142|96|73|47|35|33|36|44|41|34|,4319|2322|1612|1143|831|620|474|378|310|260|223|197|147|108|66|32|,0|0|0|0|0|0|0|0|0|0|0|0|0|0|0|0|,0|0|0|0|0|0|0|0|0|0|0|0|0|0|0|0|
20,0|1|2|3|4|5|6|7|8|9|10|11|12|13|14|15|,4319|2322|1612|1143|831|620|474|378|310|260|223|197|147|108|66|32|,nan|nan|nan|nan|nan|nan|nan|nan|nan|nan|nan|nan|nan|nan|nan|nan|,nan|nan|nan|nan|nan|nan|nan|nan|nan|nan|nan|nan|nan|nan|nan|nan|,0.0|0.0|0.0|0.0|0.0|0.0|0.0|0.0|0.0|0.0|0.0|0.0|0.0|0.0|0.0|0.0|,4319|2322|1612|1143|831|620|474|378|310|260|223|197|147|108|66|32|,nan|nan|nan|nan|nan|nan|nan|nan|nan|nan|nan|nan|nan|nan|nan|nan|,nan|nan|nan|nan|nan|nan|nan|nan|nan|nan|nan|nan|nan|nan|nan|nan|,0|4319|2270|1567|1116|803|602|460|366|300|250|220|189|145|107|95|,0|0|0|0|0|0|0|0|0|0|0|0|0|0|0|0|,0|4319|2270|1567|1116|803|602|460|366|300|250|220|189|145|107|95|,0|0|0|0|0|0|0|0|0|0|0|0|0|0|0|0|,4283|4319|2270|1567|1116|803|602|460|366|300|250|220|189|145|107|95|,0|0|0|0|0|0|0|0|0|0|0|0|0|0|0|0|,0|0|0|0|0|0|0|0|0|0|0|0|0|0|0|0|,4283|4319|2270|1567|1116|803|602|460|366|300|250|220|189|145|107|95|,0|0|0|0|0|0|0|0|0|0|0|0|0|0|0|0|,13|2037|670|436|288|192|137|96|65|46|38|35|37|43|43|25|,4270|2282|1600|1131|828|611|465|364|301|254|212|185|152|102|64|38|,0|0|0|0|0|0|0|0|0|0|0|0|0|0|0|0|,0|0|0|0|0|0|0|0|0|0|0|0|0|0|0|0|
21,0|1|2|3|4|5|6|7|8|9|10|11|12|13|14|15|,4270|2282|1600|1131|828|611|465|364|301|254|212|185|152|102|64|38|,nan|nan|nan|nan|nan|nan|nan|nan|nan|nan|nan|nan|nan|nan|nan|nan|,nan|nan|nan|nan|nan|nan|nan|nan|nan|nan|nan|nan|nan|nan|nan|nan|,0.0|0.0|0.0|0.0|0.0|0.0|0.0|0.0|0.0|0.0|0.0|0.0|0.0|0.0|0.0|0.0|,4270|2282|1600|1131|828|611|465|364|301|254|212|185|152|102|64|38|,nan|nan|nan|nan|nan|nan|nan|nan|nan|nan|nan|nan|nan|nan|nan|nan|,nan|nan|nan|nan|nan|nan|nan|nan|nan|nan|nan|nan|nan|nan|nan|nan|,0|4270|2219|1548|1101|811|594|454|358|285|250|205|178|148|100|99|,0|0|0|0|0|0|0|0|0|0|0|0|0|0|0|0|,0|4270|2219|1548|1101|811|594|454|358|285|250|205|178|148|100|99|,0|0|0|0|0|0|0|0|0|0|0|0|0|0|0|0|,4207|4270|2219|1548|1101|811|594|454|358|285|250|205|178|148|100|99|,0|0|0|0|0|0|0|0|0|0|0|0|0|0|0|0|,0|0|0|0|0|0|0|0|0|0|0|0|0|0|0|0|,4207|4270|2219|1548|1101|811|594|454|358|285|250|205|178|148|100|99|,0|0|0|0|0|0|0|0|0|0|0|0|0|0|0|0|,54|2006|647|421|277|193|131|93|67|50|31|30|38|44|39|27|,4153|2264|1572|1127|824|618|463|361|291|235|219|175|140|104|61|34|,0|0|0|0|0|0|0|0|0|0|0|0|0|0|0|0|,0|0|0|0|0|0|0|0|0|0|0|0|0|0|0|0|
22,0|1|2|3|4|5|6|7|8|9|10|11|12|13|14|15|,4153|2264|1572|1127|824|618|463|361|291|235|219|175|140|104|61|34|,nan|nan|nan|nan|nan|nan|nan|nan|nan|nan|nan|nan|nan|nan|nan|nan|,nan|nan|nan|nan|nan|nan|nan|nan|nan|nan|nan|nan|nan|nan|nan|nan|,0.0|0.0|0.0|0.0|0.0|0.0|0.0|0.0|0.0|0.0|0.0|0.0|0.0|0.0|0.0|0.0|,4153|2264|1572|1127|824|618|463|361|291|235|219|175|140|104|61|34|,nan|nan|nan|nan|nan|nan|nan|nan|nan|nan|nan|nan|nan|nan|nan|nan|,nan|nan|nan|nan|nan|nan|nan|nan|nan|nan|nan|nan|nan|nan|nan|nan|,0|4153|2189|1529|1085|806|606|444|355|282|228|213|173|133|97|94|,0|0|0|0|0|0|0|0|0|0|0|0|0|0|0|0|,0|4153|2189|1529|1085|806|606|444|355|282|228|213|173|133|97|94|,0|0|0|0|0|0|0|0|0|0|0|0|0|0|0|0|,4107|4153|2189|1529|1085|806|606|444|355|282|228|213|173|133|97|94|,0|0|0|0|0|0|0|0|0|0|0|0|0|0|0|0|,0|0|0|0|0|0|0|0|0|0|0|0|0|0|0|0|,4107|4153|2189|1529|1085|806|606|444|355|282|228|213|173|133|97|94|,0|0|0|0|0|0|0|0|0|0|0|0|0|0|0|0|,4|1954|641|422|274|194|130|92|67|42|31|41|28|41|37|30|,4103|2199|1548|1107|811|612|476|352|288|240|197|172|145|92|60|30|,0|0|0|0|0|0|0|0|0|0|0|0|0|0|0|0|,0|0|0|0|0|0|0|0|0|0|0|0|0|0|0|0|
23,0|1|2|3|4|5|6|7|8|9|10|11|12|13|14|15|,4103|2199|1548|1107|811|612|476|352|288|240|197|172|145|92|60|30|,nan|nan|nan|nan|nan|nan|nan|nan|nan|nan|nan|nan|nan|nan|nan|nan|,nan|nan|nan|nan|nan|nan|nan|nan|nan|nan|nan|nan|nan|nan|nan|nan|,0.0|0.0|0.0|0.0|0.0|0.0|0.0|0.0|0.0|0.0|0.0|0.0|0.0|0.0|0.0|0.0|,4103|2199|1548|1107|811|612|476|352|288|240|197|172|145|92|60|30|,nan|nan|nan|nan|nan|nan|nan|nan|nan|nan|nan|nan|nan|nan|nan|nan|,nan|nan|nan|nan|nan|nan|nan|nan|nan|nan|nan|nan|nan|nan|nan|nan|,0|4103|2121|1486|1072|785|590|458|336|281|231|192|165|138|84|90|,0|0|0|0|0|0|0|0|0|0|0|0|0|0|0|0|,0|4103|2121|1486|1072|785|590|458|336|281|231|192|165|138|84|90|,0|0|0|0|0|0|0|0|0|0|0|0|0|0|0|0|,4059|4103|2121|1486|1072|785|590|458|336|281|231|192|165|138|84|90|,0|0|0|0|0|0|0|0|0|0|0|0|0|0|0|0|,0|0|0|0|0|0|0|0|0|0|0|0|0|0|0|0|,4059|4103|2121|1486|1072|785|590|458|336|281|231|192|165|138|84|90|,0|0|0|0|0|0|0|0|0|0|0|0|0|0|0|0|,0|1927|618|404|275|183|135|93|65|39|29|29|32|39|28|29|,4059|2176|1503|1082|797|602|455|365|271|242|202|163|133|99|56|31|,0|0|0|0|0|0|0|0|0|0|0|0|0|0|0|0|,0|0|0|0|0|0|0|0|0|0|0|0|0|0|0|0|
24,0|1|2|3|4|5|6|7|8|9|10|11|12|13|14|15|,4059|2176|1503|1082|797|602|455|365|271|242|202|163|133|99|56|31|,nan|nan|nan|nan|nan|nan|nan|nan|nan|nan|nan|nan|nan|nan|nan|nan|,nan|nan|nan|nan|nan|nan|nan|nan|nan|nan|nan|nan|nan|nan|nan|nan|,0.0|0.0|0.0|0.0|0.0|0.0|0.0|0.0|0.0|0.0|0.0|0.0|0.0|0.0|0.0|0.0|,4059|2176|1503|1082|797|602|455|365|271|242|202|163|133|99|56|31|,nan|nan|nan|nan|nan|nan|nan|nan|nan|nan|nan|nan|nan|nan|nan|nan|,nan|nan|nan|nan|nan|nan|nan|nan|nan|nan|nan|nan|nan|nan|nan|nan|,0|4059|2113|1451|1046|776|574|438|353|266|235|195|159|130|97|84|,0|0|0|0|0|0|0|0|0|0|0|0|0|0|0|0|,0|4059|2113|1451|1046|776|574|438|353|266|235|195|159|130|97|84|,0|0|0|0|0|0|0|0|0|0|0|0|0|0|0|0|,4030|4059|2113|1451|1046|776|574|438|353|266|235|195|159|130|97|84|,0|0|0|0|0|0|0|0|0|0|0|0|0|0|0|0|,0|0|0|0|0|0|0|0|0|0|0|0|0|0|0|0|,4030|4059|2113|1451|1046|776|574|438|353|266|235|195|159|130|97|84|,0|0|0|0|0|0|0|0|0|0|0|0|0|0|0|0|,44|1915|615|400|266|184|120|93|67|46|30|32|28|41|42|21|,3986|2144|1498|1051|780|592|454|345|286|220|205|163|131|89|55|33|,0|0|0|0|0|0|0|0|0|0|0|0|0|0|0|0|,0|0|0|0|0|0|0|0|0|0|0|0|0|0|0|0|
25,0|1|2|3|4|5|6|7|8|9|10|11|12|13|14|15|,3986|2144|1498|1051|780|592|454|345|286|220|205|163|131|89|55|33|,nan|nan|nan|nan|nan|nan|nan|nan|nan|nan|nan|nan|nan|nan|nan|nan|,nan|nan|nan|nan|nan|nan|nan|nan|nan|nan|nan|nan|nan|nan|nan|nan|,0.0|0.0|0.0|0.0|0.0|0.0|0.0|0.0|0.0|0.0|0.0|0.0|0.0|0.0|0.0|0.0|,3986|2144|1498|1051|780|592|454|345|286|220|205|163|131|89|55|33|,nan|nan|nan|nan|nan|nan|nan|nan|nan|nan|nan|nan|nan|nan|nan|nan|,nan|nan|nan|nan|nan|nan|nan|nan|nan|nan|nan|nan|nan|nan|nan|nan|,NA|NA|NA|NA|NA|NA|NA|NA|NA|NA|NA|NA|NA|NA|NA|NA|,NA|NA|NA|NA|NA|NA|NA|NA|NA|NA|NA|NA|NA|NA|NA|NA|,NA|NA|NA|NA|NA|NA|NA|NA|NA|NA|NA|NA|NA|NA|NA|NA|,NA|NA|NA|NA|NA|NA|NA|NA|NA|NA|NA|NA|NA|NA|NA|NA|,NA|NA|NA|NA|NA|NA|NA|NA|NA|NA|NA|NA|NA|NA|NA|NA|,NA|NA|NA|NA|NA|NA|NA|NA|NA|NA|NA|NA|NA|NA|NA|NA|,NA|NA|NA|NA|NA|NA|NA|NA|NA|NA|NA|NA|NA|NA|NA|NA|,NA|NA|NA|NA|NA|NA|NA|NA|NA|NA|NA|NA|NA|NA|NA|NA|,NA|NA|NA|NA|NA|NA|NA|NA|NA|NA|NA|NA|NA|NA|NA|NA|,NA|NA|NA|NA|NA|NA|NA|NA|NA|NA|NA|NA|NA|NA|NA|NA|,NA|NA|NA|NA|NA|NA|NA|NA|NA|NA|NA|NA|NA|NA|NA|NA|,NA|NA|NA|NA|NA|NA|NA|NA|NA|NA|NA|NA|NA|NA|NA|NA|,NA|NA|NA|NA|NA|NA|NA|NA|NA|NA|NA|NA|NA|NA|NA|NA|
