xyfilename,mate_cdmat,matemoveno,matemoveparA,matemoveparB,matemoveparC,matemovethresh,migrateout_cdmat,migratemoveOutno,migratemoveOutparA,migratemoveOutparB,migratemoveOutparC,migratemoveOutthresh,migrateback_cdmat,migratemoveBackno,migratemoveBackparA,migratemoveBackparB,migratemoveBackparC,migratemoveBackthresh,stray_cdmat,StrayBackno,StrayBackparA,StrayBackparB,StrayBackparC,StrayBackthresh,disperseLocal_cdmat,disperseLocalno,disperseLocalparA,disperseLocalparB,disperseLocalparC,disperseLocalthresh,HomeAttempt,sex_chromo,sexans,selfans,Freplace,Mreplace,AssortativeMate_Model,AssortativeMate_Factor,mature_default,mature_eqn_slope,mature_eqn_int,offno,offans_InheritClassVars,equalClutchSize,Egg_Freq_Mean,Egg_Freq_StDev,Egg_Mean_ans,Egg_Mean_par1,Egg_Mean_par2,Egg_Mortality,Egg_Mortality_StDev,Egg_FemaleProb,startGenes,loci,alleles,muterate,mutationtype,mtdna,cdevolveans,startSelection,implementSelection,betaFile_selection,plasticgeneans,plasticSignalResponse,plasticBehavioralResponse,startPlasticgene,implementPlasticgene,growth_option,growth_Loo,growth_R0,growth_temp_max,growth_temp_CV,growth_temp_t0,popmodel,popmodel_par1,correlation_matrix,subpopmort_file,egg_delay,egg_add,implement_disease
PatchVars/PatchVars_SIDP_IBD_neutral.csv,dist_mat.csv,6,0,0,0,max,dist_mat.csv,7,1,0,100000,max,dist_mat.csv,7,1,0,100000,max,dist_mat.csv,7,1,0,100000,max,dist_mat.csv,7,1,0,100000,max,mortality,2,Y,N,N,Y,1,1,age1~age1,0,0,3,random,Y,1,0,exp,0,0,0,0,0.5,0,4,2,0,random,N,N,0,Back,N,N,0,0,0,Back,N,0,0,0,0,0,logistic_back,0,N,N,0,nonmating,Back
PatchVars/PatchVars_SIDP_IBD_R.csv,dist_mat.csv,6,0,0,0,max,dist_mat.csv,7,1,0,100000,max,dist_mat.csv,7,1,0,100000,max,dist_mat.csv,7,1,0,100000,max,dist_mat.csv,7,1,0,100000,max,mortality,2,Y,N,N,Y,1,1,age1~age1,0,0,3,random,Y,1,0,exp,0,0,0,0,0.5,0,4,2,0,random,N,N,0,Back,N,N,0,0,0,Back,N,0,0,0,0,0,logistic_back,0,N,N,0,nonmating,Back
PatchVars/PatchVars_SIDP_IBD_T.csv,dist_mat.csv,6,0,0,0,max,dist_mat.csv,7,1,0,100000,max,dist_mat.csv,7,1,0,100000,max,dist_mat.csv,7,1,0,100000,max,dist_mat.csv,7,1,0,100000,max,mortality,2,Y,N,N,Y,1,1,age1~age1,0,0,3,random,Y,1,0,exp,0,0,0,0,0.5,0,4,2,0,random,N,N,0,Back,N,N,0,0,0,Back,N,0,0,0,0,0,logistic_back,0,N,N,0,nonmating,Back
PatchVars/PatchVars_SIDP_IBD_RT.csv,dist_mat.csv,6,0,0,0,max,dist_mat.csv,7,1,0,100000,max,dist_mat.csv,7,1,0,100000,max,dist_mat.csv,7,1,0,100000,max,dist_mat.csv,7,1,0,100000,max,mortality,2,Y,N,N,Y,1,1,age1~age1,0,0,3,random,Y,1,0,exp,0,0,0,0,0.5,0,4,2,0,random,N,N,0,Back,N,N,0,0,0,Back,N,0,0,0,0,0,logistic_back,0,N,N,0,nonmating,Back
